subscribers,company,jobTitle,schoolDegree,skill1,skill2,skill3,skill4,skill5,skill6
380,Microsoft,Software Engineer,Master's Degree,Python,,C,Bigdata_and_AI,Software,
1383,Amazon,Software Engineer,Master's Degree,,C,HTML,Research,Programming,Software
683,Microsoft,Software Engineer,Master's Degree,,C,Machine_Learning,Web_Development,Research,
1472,Microsoft,Software Engineer,Master's Degree,,Python,C,Android_Development,,Machine_Learning
438,Amazon,Software Engineer,Master's Degree,,HTML,CSS,Cloud_Computing,Android_Development,JavaScript
352,Microsoft,Software Engineer,Master's Degree,Leadership,,JavaScript,,Web_Development,HTML
763,Amazon,Software Engineer,Bachelor's Degree,Python,,,Machine_Learning,,
486,Amazon,Software Engineer,Master's Degree,,Java,C,Bigdata_and_AI,Matlab,Python
426,Facebook,Software Engineer,Master's Degree,C,,SQL,Web_Development,,HTML
547,Facebook,Software Engineer,Bachelor's Degree,Python,C,Java,Programming,,Software
886,Amazon,Software Engineer,Master's Degree,Web_Development,,JavaScript,Data_Structure,Programming,
747,Microsoft,Software Engineer,Master's Degree,Java,JavaScript,C,Data_Structure,Bigdata_and_AI,Software
505,Microsoft,Software Engineer,Master's Degree,,,Python,,Machine_Learning,Bigdata_and_AI
421,Amazon,Software Engineer,Master's Degree,Java,C,SQL,Web_Development,Bigdata_and_AI,Data_Structure
600,Amazon,Software Engineer,Master's Degree,Software,,Java,Data_Structure,,Bigdata_and_AI
720,Facebook,Software Engineer,Bachelor's Degree,,,JavaScript,Machine_Learning,Web_Development,
1656,Amazon,Software Engineer,Master's Degree,,C,Python,Software,Management,Research
422,Amazon,Software Engineer,Master's Degree,,HTML,C,Web_Development,,Machine_Learning
273,Amazon,Software Engineer,Bachelor's Degree,Java,C,JavaScript,Web_Development,,
371,Google,Software Engineer,Master's Degree,Java,JavaScript,,Software,,
667,Microsoft,Software Engineer,Master's Degree,SQL,Java,Programming,Web_Development,,Software
2770,Facebook,Software Engineer,Master's Degree,Software,Leadership,,Machine_Learning,,Bigdata_and_AI
1052,Microsoft,Software Engineer,Master's Degree,Python,Java,SQL,Bigdata_and_AI,Machine_Learning,Software
530,Microsoft,Software Engineer,Bachelor's Degree,C,,Microsoft,Web_Development,Software,Programming
1005,Amazon,Software Engineer,Bachelor's Degree,C,Python,,Web_Development,Bigdata_and_AI,Data_Structure
719,Google,Software Engineer,other education,JavaScript,HTML,CSS,Software,Programming,Web_Development
798,Amazon,Software Engineer,Master's Degree,Java,C,,,,Web_Development
1441,Amazon,Software Engineer,Master's Degree,Java,Python,Machine_Learning,Web_Development,Programming,
2374,Microsoft,Software Engineer,other education,,JavaScript,,Web_Development,,CSS
839,Amazon,Software Engineer,Master's Degree,,Python,Java,,Research,
421,Google,Software Engineer,Bachelor's Degree,Microsoft,Java,Python,,,Research
966,Microsoft,Software Engineer,other education,,C,Java,Data_Mining,Machine_Learning,
473,Facebook,Software Engineer,Doctoral Degree,Software,,Python,Android_Development,,Web_Development
486,Amazon,Software Engineer,Bachelor's Degree,Java,Python,JavaScript,Research,,Microsoft
2102,Microsoft,Software Engineer,other education,,JavaScript,,,HTML,
656,Microsoft,Software Engineer,Master's Degree,C,,,Web_Development,Web_Application,Software
304,Microsoft,Software Engineer,Master's Degree,Java,,,Android_Development,,
283,Facebook,Software Engineer,Bachelor's Degree,Java,Android_Development,Data_Analysis,Research,,C
715,Google,Software Engineer,Bachelor's Degree,Web_Development,Java,,JavaScript,,CSS
618,Microsoft,Software Engineer,Doctoral Degree,,Java,,Software,Web_Development,
627,Microsoft,Software Engineer,Master's Degree,,Web_Development,Java,Android_Development,Programming,
365,Amazon,Software Engineer,Master's Degree,Java,Python,,Software,JavaScript,HTML
12572,Google,Software Engineer,Bachelor's Degree,,,Web_Development,,Bigdata_and_AI,
1296,Amazon,Software Engineer,Master's Degree,C,Java,Data_Structure,Bigdata_and_AI,Programming,
614,,Software Engineer,Bachelor's Degree,Java,,C,Data_Analysis,JavaScript,HTML
357,Amazon,Software Engineer,Bachelor's Degree,Java,,Python,Machine_Learning,Software,JavaScript
1106,Microsoft,Software Engineer,other education,Leadership,,Web_Development,Programming,,
1046,Amazon,Software Engineer,Master's Degree,Python,C,SQL,,,
348,Microsoft,Software Engineer,Bachelor's Degree,C,Java,Programming,,,
129,Amazon,Software Engineer,Bachelor's Degree,Bigdata_and_AI,Machine_Learning,Programming,Software,Web_Development,
261,Microsoft,Software Engineer,Bachelor's Degree,,C,,Web_Development,,JavaScript
709,Amazon,Software Engineer,Master's Degree,Java,Android_Development,JavaScript,Software,Web_Development,
763,Google,Software Engineer,Master's Degree,,C,,,Bigdata_and_AI,Software
1318,Amazon,Software Engineer,Master's Degree,Bigdata_and_AI,Research,SQL,Software,Programming,Data_Structure
428,Amazon,Software Engineer,Bachelor's Degree,Java,,Python,JavaScript,,HTML
2910,Facebook,Software Engineer,other education,,,JavaScript,,Web_Development,Data_Structure
684,Amazon,Software Engineer,Master's Degree,,JavaScript,,Web_Application,Web_Development,Android_Development
694,Amazon,Software Engineer,other education,Java,Programming,,,Marketing,
779,Amazon,Software Engineer,Master's Degree,Python,Bigdata_and_AI,,Data_Analysis,,Data_Structure
462,Google,Software Engineer,other education,Java,Web_Application,,,,HTML
569,Amazon,Software Engineer,Doctoral Degree,C,Python,Java,Bigdata_and_AI,Data_Analysis,Web_Development
1304,Amazon,Software Engineer,Bachelor's Degree,,Management,,Web_Application,,Software
2617,Amazon,Software Engineer,Master's Degree,Java,,Hadoop,Bigdata_and_AI,,Programming
275,Microsoft,Software Engineer,Master's Degree,,SQL,JavaScript,Software,,C
773,Amazon,Software Engineer,Master's Degree,Java,Python,Programming,Android_Development,Software,Web_Development
927,Amazon,Software Engineer,Bachelor's Degree,Analytics,,,,SQL,JavaScript
1098,Amazon,Software Engineer,Bachelor's Degree,,Web_Development,Leadership,Software,Java,HTML
1819,Microsoft,Software Engineer,other education,,,JavaScript,Research,Programming,Software
142,Amazon,Software Engineer,other education,Software,JavaScript,,Web_Development,Web_Application,HTML
140,Amazon,Software Engineer,Bachelor's Degree,,,Web_Application,Web_Development,Management,
79,,Software Engineer,Master's Degree,Programming,Python,Software,Web_Development,C,Matlab
186,Microsoft,Software Engineer,Master's Degree,,,,Data_Analysis,Machine_Learning,Python
2431,,Software Engineer,other education,,Management,Leadership,,,
1119,Microsoft,Software Engineer,other education,,C,,,,Software
493,Amazon,Software Engineer,Bachelor's Degree,Java,Strategy,C,Web_Development,Marketing,
541,Amazon,Software Engineer,Bachelor's Degree,,,,,,Management
373,Amazon,Software Engineer,Master's Degree,,,,Web_Development,,Management
202,Amazon,Software Engineer,other education,,,JavaScript,Web_Development,Software,Web_Application
739,Amazon,Software Engineer,Master's Degree,Research,Leadership,,,Bigdata_and_AI,Data_Analysis
929,Google,Software Engineer,Master's Degree,Machine_Learning,Python,Java,,Web_Development,Programming
183,Amazon,Software Engineer,Bachelor's Degree,,JavaScript,Java,,,Web_Development
613,Microsoft,Software Engineer,Bachelor's Degree,JavaScript,,Web_Application,Web_Development,,
1506,Google,Software Engineer,Bachelor's Degree,JavaScript,HTML,CSS,,Web_Development,Web_Application
338,Facebook,Software Engineer,Master's Degree,Java,Python,Software,,,
92,Amazon,Software Engineer,Master's Degree,Java,SQL,,Microsoft,Python,C
359,Google,Software Engineer,Bachelor's Degree,,,SQL,Web_Development,Web_Application,HTML
539,Amazon,Software Engineer,Master's Degree,,Java,C,,,
1435,Amazon,Software Engineer,Master's Degree,Web_Development,Data_Structure,Java,Software,Machine_Learning,Management
1776,Amazon,Software Engineer,Master's Degree,,Python,Programming,Data_Structure,Bigdata_and_AI,C
460,Amazon,Software Engineer,Master's Degree,Java,,JavaScript,Programming,Bigdata_and_AI,Software
357,Microsoft,Software Engineer,Bachelor's Degree,Java,C,Microsoft,,Web_Development,Research
584,,Software Engineer,other education,,HTML,,,Web_Development,
258,Google,Software Engineer,other education,,,JavaScript,,,Web_Development
1475,Microsoft,Software Engineer,Bachelor's Degree,Java,C,,Android_Development,Software,Data_Analysis
366,Facebook,Software Engineer,Bachelor's Degree,C,,Microsoft,Programming,,Bigdata_and_AI
1749,Google,Software Engineer,Master's Degree,Java,Python,JavaScript,Software,,Web_Development
540,Microsoft,Software Engineer,Master's Degree,C,,Java,Software,Machine_Learning,Web_Development
243,Amazon,Software Engineer,Bachelor's Degree,Java,Python,Machine_Learning,,,
691,Microsoft,Software Engineer,Bachelor's Degree,,JavaScript,,Web_Development,,Research
359,Google,Software Engineer,Master's Degree,,JavaScript,,Data_Analysis,,Web_Development
3963,Amazon,Software Engineer,Bachelor's Degree,Web_Development,,,,Management,
7490,Amazon,Software Engineer,Bachelor's Degree,Java,,Web_Application,Data_Analysis,,JavaScript
692,Google,Software Engineer,Bachelor's Degree,HTML,,,,,
80,Amazon,Software Engineer,other education,,,SQL,Web_Development,Python,HTML
1660,Google,Software Engineer,Master's Degree,,,,,Web_Development,Programming
1891,,Software Engineer,Master's Degree,C,JavaScript,Java,,Web_Development,Software
779,Facebook,Software Engineer,Master's Degree,,JavaScript,Java,Web_Development,,
1536,Amazon,Software Engineer,Master's Degree,,Data_Structure,,Web_Development,Java,
182,Microsoft,Software Engineer,Bachelor's Degree,,,C,Web_Development,JavaScript,
98,Amazon,Software Engineer,Master's Degree,Java,Python,JavaScript,Data_Mining,Software,
680,Amazon,Software Engineer,Bachelor's Degree,,C,SQL,Data_Structure,Android_Development,
2661,Facebook,Software Engineer,Master's Degree,Machine_Learning,Java,,,Data_Mining,Android_Development
3057,Google,Software Engineer,Master's Degree,Java,,,,JavaScript,SQL
884,Amazon,Software Engineer,Master's Degree,Python,Java,,,Web_Development,C
237,Amazon,Software Engineer,Master's Degree,,Java,SQL,Data_Analysis,Management,
288,Amazon,Software Engineer,Master's Degree,Python,Matlab,C,Machine_Learning,,Bigdata_and_AI
403,Microsoft,Software Engineer,Master's Degree,Java,,C,Research,Management,
363,Facebook,Software Engineer,Master's Degree,Java,JavaScript,SQL,,,C
48459,Google,Software Engineer,Bachelor's Degree,Software,,C,,JavaScript,Microsoft
591,Amazon,Software Engineer,Master's Degree,Java,,,Web_Development,,JavaScript
255,,Software Engineer,Master's Degree,,C,JavaScript,Web_Development,,Software
582,Facebook,Software Engineer,Master's Degree,JavaScript,CSS,Web_Development,,,HTML
508,Amazon,Software Engineer,Bachelor's Degree,Java,Python,,,,Leadership
588,Facebook,Software Engineer,Bachelor's Degree,C,JavaScript,Software,Programming,Data_Structure,Bigdata_and_AI
817,Amazon,Software Engineer,Master's Degree,Java,,JavaScript,Programming,,
726,Amazon,Software Engineer,Master's Degree,C,JavaScript,,,Data_Analysis,Statistics
648,Microsoft,Software Engineer,Bachelor's Degree,,C,Python,Software,Data_Structure,Web_Development
696,Amazon,Software Engineer,Master's Degree,Java,JavaScript,,Programming,Web_Development,SQL
216,Amazon,Software Engineer,other education,HTML,,JavaScript,,Web_Development,
394,Facebook,Software Engineer,other education,,,,,Marketing,
262,Microsoft,Software Engineer,other education,Java,Programming,Python,Research,Bigdata_and_AI,Machine_Learning
737,Amazon,Software Engineer,Bachelor's Degree,Java,CSS,C,Research,Web_Development,Programming
1043,Microsoft,Software Engineer,Master's Degree,Management,,Software,,,
4642,Google,Software Engineer,Master's Degree,,,,Web_Development,Cloud_Computing,Bigdata_and_AI
464,Amazon,Software Engineer,Bachelor's Degree,Java,,Python,,,
1467,Facebook,Software Engineer,Master's Degree,C,Java,Matlab,,Bigdata_and_AI,Software
451,Facebook,Software Engineer,Bachelor's Degree,,C,,,Android_Development,Web_Development
824,Google,Software Engineer,Master's Degree,Python,Java,,Machine_Learning,Statistics,Bigdata_and_AI
1795,Amazon,Software Engineer,other education,,,Web_Development,,,
296,Amazon,Software Engineer,Master's Degree,SQL,Java,,,Web_Development,
390,Amazon,Software Engineer,Bachelor's Degree,Python,Machine_Learning,Java,Web_Development,Management,Programming
136,Amazon,Software Engineer,Bachelor's Degree,Java,SQL,Web_Development,Programming,Bigdata_and_AI,Data_Structure
397,Google,Software Engineer,Bachelor's Degree,Python,,,,,
637,Amazon,Software Engineer,other education,,Management,Microsoft,Strategy,Web_Development,
1070,Facebook,Software Engineer,Bachelor's Degree,JavaScript,Web_Development,,Programming,Management,
125,Amazon,Software Engineer,Bachelor's Degree,,JavaScript,Web_Development,Android_Development,Python,Java
1484,Amazon,Software Engineer,Bachelor's Degree,,C,JavaScript,,,
3809,Google,Software Engineer,Master's Degree,Java,C,HTML,,Cloud_Computing,
571,Facebook,Software Engineer,other education,CSS,HTML,Web_Development,,,Management
1072,Amazon,Software Engineer,Bachelor's Degree,Machine_Learning,,Leadership,,Web_Development,Marketing
860,Microsoft,Software Engineer,Master's Degree,Java,JavaScript,SQL,Web_Development,Android_Development,Programming
2718,Amazon,Software Engineer,Master's Degree,Web_Development,Java,Data_Structure,Android_Development,Machine_Learning,
258,,Software Engineer,Master's Degree,Java,C,Bigdata_and_AI,Web_Development,Cloud_Computing,Data_Science
1053,Facebook,Software Engineer,Master's Degree,,Web_Development,Leadership,Machine_Learning,Programming,C
271,Amazon,Software Engineer,Master's Degree,Software,Web_Development,Research,,Strategy,
991,Facebook,Software Engineer,Bachelor's Degree,Java,JavaScript,HTML,Android_Development,Web_Development,
419,Amazon,Software Engineer,Master's Degree,Java,C,Programming,Data_Structure,Machine_Learning,
7990,Amazon,Software Engineer,Master's Degree,Java,C,Python,Web_Development,Management,Programming
1002,Facebook,Software Engineer,Master's Degree,,JavaScript,,Web_Application,,Web_Development
566,Amazon,Software Engineer,Master's Degree,Java,Python,,Web_Development,Data_Analysis,Bigdata_and_AI
11565,,Software Engineer,Bachelor's Degree,,Web_Development,JavaScript,Web_Application,Machine_Learning,Marketing
321,Microsoft,Software Engineer,Master's Degree,Java,Programming,Microsoft,Machine_Learning,Bigdata_and_AI,Research
1521,Microsoft,Software Engineer,other education,C,JavaScript,,,,Programming
2559,Microsoft,Software Engineer,Master's Degree,JavaScript,Java,Web_Application,Management,Web_Development,Analytics
2007,Amazon,Software Engineer,Master's Degree,Java,Python,JavaScript,,,
5579,Facebook,Software Engineer,other education,,Web_Application,C,Web_Development,Analytics,
366,Amazon,Software Engineer,Master's Degree,Java,,JavaScript,Web_Development,Software,
635,Facebook,Software Engineer,Bachelor's Degree,Java,C,Web_Development,Software,Android_Development,Machine_Learning
793,Facebook,Software Engineer,Bachelor's Degree,C,,Android_Development,,Machine_Learning,Bigdata_and_AI
1988,Microsoft,Software Engineer,other education,JavaScript,CSS,Python,Programming,Web_Development,HTML
1126,Amazon,Software Engineer,Master's Degree,Python,C,Java,Programming,Software,
1862,,Software Engineer,other education,,Web_Development,,,,Management
838,Google,Software Engineer,Master's Degree,C,Python,Java,,,
387,Google,Software Engineer,Master's Degree,,JavaScript,SQL,,,
478,Amazon,Software Engineer,Master's Degree,,JavaScript,Java,,,Software
229,Amazon,Software Engineer,Master's Degree,CSS,Java,SQL,,,
31,Amazon,Software Engineer,other education,Web_Development,Leadership,Management,HTML,CSS,
575,Amazon,Software Engineer,Bachelor's Degree,,Java,JavaScript,Web_Application,Microsoft,HTML
229,Amazon,Software Engineer,Master's Degree,Java,Software,Web_Development,,,
1151,Amazon,Software Engineer,Master's Degree,Web_Development,Programming,Data_Structure,Android_Development,,Machine_Learning
1072,Amazon,Software Engineer,Master's Degree,Java,,C,Data_Structure,Bigdata_and_AI,
1182,Amazon,Software Engineer,Master's Degree,Python,HTML,CSS,Machine_Learning,Web_Development,Programming
982,Google,Software Engineer,Master's Degree,Java,,JavaScript,Web_Development,,SQL
294,Amazon,Software Engineer,Bachelor's Degree,,,,Web_Application,,Web_Development
70,Amazon,Software Engineer,Bachelor's Degree,Python,Java,Web_Development,,,
1279,Amazon,Software Engineer,Bachelor's Degree,JavaScript,Java,,Web_Development,Management,Microsoft
2681,Facebook,Software Engineer,Bachelor's Degree,,,JavaScript,,,Web_Development
177,Facebook,Software Engineer,Bachelor's Degree,,,C,Web_Development,,
804,Amazon,Software Engineer,Bachelor's Degree,Web_Development,,,,,
217,Microsoft,Software Engineer,Bachelor's Degree,Java,,C,,,
1797,Amazon,Software Engineer,Master's Degree,,,C,Android_Development,Web_Development,Management
2845,Microsoft,Software Engineer,Master's Degree,,Programming,C,Data_Structure,,Web_Development
331,Amazon,Software Engineer,Bachelor's Degree,Java,,Cloud_Computing,Data_Structure,Software,
83,Microsoft,Software Engineer,Master's Degree,Python,HTML,CSS,Web_Development,Programming,Java
453,Facebook,Software Engineer,other education,,Web_Development,,,SQL,CSS
363,Facebook,Software Engineer,Bachelor's Degree,Java,,Microsoft,Python,,
125,Amazon,Software Engineer,Bachelor's Degree,,CSS,HTML,Web_Development,,JavaScript
1205,Amazon,Software Engineer,Master's Degree,Java,Programming,SQL,Software,,Data_Structure
99,Amazon,Software Engineer,Bachelor's Degree,,,,Software,Programming,Web_Development
1105,Microsoft,Software Engineer,Bachelor's Degree,,Web_Development,Software,,,
404,Microsoft,Software Engineer,Master's Degree,,,JavaScript,Machine_Learning,Web_Development,CSS
888,Amazon,Software Engineer,Bachelor's Degree,Java,JavaScript,HTML,,,
928,Facebook,Software Engineer,Master's Degree,Java,,Web_Development,Data_Analysis,Android_Development,JavaScript
718,Amazon,Software Engineer,other education,,CSS,JavaScript,Web_Development,,HTML
2022,Microsoft,Software Engineer,Master's Degree,Java,,,Programming,,
1862,Facebook,Software Engineer,Bachelor's Degree,Java,,JavaScript,Bigdata_and_AI,,
339,Microsoft,Software Engineer,Master's Degree,Java,HTML,CSS,Data_Structure,Programming,JavaScript
158,Amazon,Software Engineer,Bachelor's Degree,,JavaScript,Python,HTML,,
747,Facebook,Software Engineer,other education,,Microsoft,,,Management,
613,Amazon,Software Engineer,Master's Degree,Java,Software,Web_Development,Machine_Learning,Bigdata_and_AI,
748,Amazon,Software Engineer,Master's Degree,Java,C,CSS,,Web_Development,Programming
3155,Amazon,Software Engineer,Master's Degree,,,Web_Application,Web_Development,,Programming
266,Google,Software Engineer,Master's Degree,Python,Java,,Bigdata_and_AI,Data_Structure,Programming
472,Amazon,Software Engineer,Master's Degree,Java,Software,,Bigdata_and_AI,Data_Structure,Programming
452,Facebook,Software Engineer,Bachelor's Degree,,Web_Application,Web_Development,Android_Development,,JavaScript
808,Facebook,Software Engineer,Master's Degree,Machine_Learning,Data_Structure,,,Marketing,Bigdata_and_AI
113,,Software Engineer,Master's Degree,Android_Development,Web_Application,Java,JavaScript,,
1602,Amazon,Software Engineer,Master's Degree,Java,,Data_Structure,,,
462,Microsoft,Software Engineer,Master's Degree,JavaScript,Java,,HTML,CSS,Microsoft
1021,Amazon,Software Engineer,Master's Degree,Python,Java,JavaScript,,Machine_Learning,Management
936,Google,Software Engineer,other education,Web_Development,,JavaScript,,,
814,Amazon,Software Engineer,Bachelor's Degree,Java,,HTML,,Software,Marketing
1446,Google,Software Engineer,Master's Degree,,Java,C,Cloud_Computing,Data_Structure,Web_Development
1655,Facebook,Software Engineer,Master's Degree,Python,Machine_Learning,Software,Programming,Data_Structure,Web_Development
270,Microsoft,Software Engineer,Bachelor's Degree,,,Microsoft,,,
355,Microsoft,Software Engineer,Master's Degree,Python,,SQL,Software,Web_Development,
101,,Software Engineer,other education,Java,Web_Development,,,,
360,Facebook,Software Engineer,Bachelor's Degree,Java,SQL,,Software,C,
469,Facebook,Software Engineer,other education,,JavaScript,Web_Development,,,Management
591,Facebook,Software Engineer,Bachelor's Degree,Java,JavaScript,C,Machine_Learning,Bigdata_and_AI,
3430,Facebook,Software Engineer,Master's Degree,,,JavaScript,,Software,
1174,Microsoft,Software Engineer,Master's Degree,Java,Web_Application,Management,Bigdata_and_AI,Web_Development,Data_Analysis
579,Amazon,Software Engineer,Master's Degree,Java,Web_Development,Data_Structure,,,
791,Amazon,Software Engineer,Master's Degree,Java,Python,Machine_Learning,Software,Research,Data_Analysis
975,Amazon,Software Engineer,Master's Degree,,C,,Software,,
569,Amazon,Software Engineer,Master's Degree,JavaScript,Java,SQL,Programming,Data_Analysis,Web_Application
385,Amazon,Software Engineer,Master's Degree,Java,C,Machine_Learning,,,
620,Microsoft,Software Engineer,Master's Degree,HTML,CSS,JavaScript,,Web_Development,
1844,Amazon,Software Engineer,Master's Degree,,,Java,Programming,,JavaScript
164,Amazon,Software Engineer,Bachelor's Degree,Java,JavaScript,Python,Web_Development,Programming,
748,Microsoft,Software Engineer,Master's Degree,Java,Python,Bigdata_and_AI,,,
418,Amazon,Software Engineer,Master's Degree,Java,,,Cloud_Computing,,
1448,Amazon,Software Engineer,Master's Degree,Software,Java,C,Android_Development,,SQL
914,Amazon,Software Engineer,Master's Degree,SQL,Java,JavaScript,,Web_Development,
521,Google,Software Engineer,Master's Degree,SQL,,C,,,
590,Microsoft,Software Engineer,Master's Degree,Java,C,Python,Machine_Learning,Data_Mining,Data_Analysis
380,Microsoft,Software Engineer,Master's Degree,Java,SQL,C,Software,Programming,Web_Development
737,Facebook,Software Engineer,Master's Degree,Python,Java,,Web_Application,Web_Development,Android_Development
370,Microsoft,Software Engineer,Master's Degree,,Java,C,Web_Development,Machine_Learning,Bigdata_and_AI
68,Amazon,Software Engineer,Bachelor's Degree,C,Java,JavaScript,Web_Development,Software,
756,Amazon,Software Engineer,Master's Degree,Java,Python,,Programming,,C
668,Amazon,Software Engineer,Master's Degree,JavaScript,,C,Programming,Web_Development,
1625,Facebook,Software Engineer,other education,,,C,,,Software
1456,Amazon,Software Engineer,Master's Degree,Java,Python,,Machine_Learning,Software,Bigdata_and_AI
475,Amazon,Software Engineer,Master's Degree,Java,JavaScript,C,Programming,Software,
1465,Amazon,Software Engineer,Master's Degree,Java,,,,Research,Management
421,Amazon,Software Engineer,Master's Degree,Bigdata_and_AI,Python,Data_Science,Web_Development,Data_Analysis,Machine_Learning
3044,Amazon,Software Engineer,Bachelor's Degree,,,JavaScript,Management,Software,Web_Development
720,Amazon,Software Engineer,Master's Degree,Java,Python,,Programming,,
1551,Google,Software Engineer,Master's Degree,HTML,Java,C,Programming,JavaScript,SQL
85,Amazon,Software Engineer,Bachelor's Degree,,,Management,,,
297,Amazon,Software Engineer,Bachelor's Degree,,JavaScript,Java,,Web_Development,Web_Application
148,Microsoft,Software Engineer,Master's Degree,Python,,JavaScript,Programming,Web_Development,
961,Facebook,Software Engineer,other education,JavaScript,,,,Web_Development,
290,Facebook,Software Engineer,Bachelor's Degree,,Java,JavaScript,Software,Web_Application,
844,Microsoft,Software Engineer,Master's Degree,Java,C,SQL,Web_Application,,Software
5783,Microsoft,Software Engineer,Master's Degree,Java,C,Python,Management,Software,
283,Microsoft,Software Engineer,Master's Degree,Python,Java,C,,,Machine_Learning
308,Google,Software Engineer,Bachelor's Degree,Java,,Data_Structure,Web_Application,JavaScript,Python
502,Amazon,Software Engineer,Bachelor's Degree,Java,,HTML,C,,JavaScript
508,Facebook,Software Engineer,other education,Python,Java,,Web_Development,Machine_Learning,Web_Application
266,Amazon,Software Engineer,Bachelor's Degree,JavaScript,SQL,Web_Development,,,
609,Amazon,Software Engineer,Bachelor's Degree,Marketing,,,Analytics,,Python
3654,Microsoft,Software Engineer,Bachelor's Degree,Web_Development,Bigdata_and_AI,Machine_Learning,Software,JavaScript,
999,Amazon,Software Engineer,Bachelor's Degree,C,Android_Development,HTML,,Management,Data_Structure
703,Facebook,Software Engineer,Master's Degree,,,,,Machine_Learning,
1286,Amazon,Software Engineer,Master's Degree,Java,Python,Programming,Machine_Learning,,Bigdata_and_AI
668,Amazon,Software Engineer,Bachelor's Degree,JavaScript,Java,Software,,,
849,Google,Software Engineer,other education,Java,JavaScript,SQL,,Software,Bigdata_and_AI
560,Amazon,Software Engineer,Master's Degree,C,JavaScript,Java,,,
7316,Amazon,Software Engineer,Master's Degree,Java,,C,Software,Programming,
798,Microsoft,Software Engineer,other education,,Web_Development,,,Marketing,Management
1394,Microsoft,Software Engineer,Master's Degree,,CSS,,,Web_Development,Web_Application
526,Microsoft,Software Engineer,Bachelor's Degree,Python,Java,HTML,Research,,Web_Development
934,Amazon,Software Engineer,Master's Degree,Software,Java,,,Web_Development,
1392,Amazon,Software Engineer,Master's Degree,,Python,Java,Research,Programming,Data_Analysis
428,Microsoft,Software Engineer,Master's Degree,,,JavaScript,Python,,
469,Amazon,Software Engineer,other education,Web_Development,Python,,Analytics,Data_Analysis,
134,Microsoft,Software Engineer,Bachelor's Degree,Web_Development,,JavaScript,Programming,Data_Structure,HTML
907,Facebook,Software Engineer,Bachelor's Degree,JavaScript,,,,Web_Development,Management
1881,Amazon,Software Engineer,Master's Degree,Java,Web_Development,Programming,Bigdata_and_AI,Machine_Learning,Software
1558,Google,Software Engineer,Master's Degree,,Microsoft,C,Programming,Android_Development,Java
5569,Microsoft,Software Engineer,Master's Degree,Programming,JavaScript,Java,,Software,
711,Amazon,Software Engineer,Master's Degree,Java,,JavaScript,Web_Development,Bigdata_and_AI,Programming
1030,Microsoft,Software Engineer,Master's Degree,SQL,C,,Web_Development,,
443,Microsoft,Software Engineer,Master's Degree,Java,,,Software,Web_Application,Web_Development
9164,Amazon,Software Engineer,Master's Degree,,,Microsoft,,Programming,Android_Development
818,Amazon,Software Engineer,Master's Degree,,C,Java,,,
937,Microsoft,Software Engineer,Master's Degree,,Machine_Learning,C,Bigdata_and_AI,,
289,Amazon,Software Engineer,Master's Degree,,Java,Android_Development,Bigdata_and_AI,Data_Structure,C
557,Amazon,Software Engineer,Master's Degree,,C,Data_Analysis,,Web_Development,Microsoft
1111,Amazon,Software Engineer,Master's Degree,C,Java,Python,Web_Development,Data_Structure,Bigdata_and_AI
453,,Software Engineer,Bachelor's Degree,Java,CSS,SQL,HTML,JavaScript,Python
,Amazon,Software Engineer,Master's Degree,Management,,Microsoft,,,
724,Amazon,Software Engineer,Master's Degree,Java,Python,Data_Structure,Programming,,Software
469,Amazon,Software Engineer,Bachelor's Degree,Python,SQL,Web_Development,,Research,Marketing
809,Amazon,Software Engineer,Master's Degree,C,HTML,Java,,,
2120,Amazon,Software Engineer,Master's Degree,Leadership,Java,C,,Marketing,Strategy
1658,,Software Engineer,other education,,,,Web_Development,,Strategy
898,Amazon,Software Engineer,Master's Degree,Java,Python,Bigdata_and_AI,Programming,Web_Development,Data_Structure
1096,Amazon,Software Engineer,other education,,Python,Microsoft,,,Web_Development
121,,Software Engineer,other education,,,,Programming,Software,Web_Development
429,Microsoft,Software Engineer,Bachelor's Degree,JavaScript,HTML,CSS,,,Research
277,Amazon,Software Engineer,Master's Degree,Java,Python,C,Software,,Web_Development
413,Microsoft,Software Engineer,Master's Degree,Java,Python,C,,,
245,Amazon,Software Engineer,Master's Degree,Java,SQL,JavaScript,Bigdata_and_AI,Python,R
910,Microsoft,Software Engineer,Master's Degree,Python,,C,Programming,,
11706,,Software Engineer,Master's Degree,,,,Marketing,,
919,Amazon,Software Engineer,Master's Degree,HTML,CSS,JavaScript,Software,,Machine_Learning
359,Amazon,Software Engineer,Master's Degree,C,HTML,Java,Programming,,Web_Development
532,Amazon,Software Engineer,Master's Degree,Java,,C,,,
937,Amazon,Software Engineer,Master's Degree,Java,,,Analytics,Software,
726,Google,Software Engineer,Master's Degree,Java,JavaScript,,,Web_Application,Web_Development
1264,Microsoft,Software Engineer,Master's Degree,C,,JavaScript,Web_Development,Management,Software
330,Amazon,Software Engineer,Master's Degree,Java,Python,,Data_Structure,Bigdata_and_AI,C
589,Amazon,Software Engineer,Bachelor's Degree,Java,,C,Web_Development,,
925,Facebook,Software Engineer,Master's Degree,,C,Programming,Software,Web_Application,JavaScript
1073,Amazon,Software Engineer,Bachelor's Degree,Python,Research,Leadership,Data_Analysis,Machine_Learning,Management
733,Microsoft,Software Engineer,Master's Degree,,,Microsoft,,,
1642,Amazon,Software Engineer,Master's Degree,C,Programming,HTML,Data_Structure,Bigdata_and_AI,Web_Development
3360,Microsoft,Software Engineer,Master's Degree,C,SQL,Java,Web_Development,Management,Strategy
495,Amazon,Software Engineer,Master's Degree,Java,,C,Programming,,HTML
1260,Amazon,Software Engineer,Master's Degree,Python,C,Java,,Android_Development,Programming
181,Microsoft,Software Engineer,Master's Degree,Java,,SQL,,,
356,Amazon,Software Engineer,Master's Degree,Machine_Learning,Matlab,CSS,,,
357,Facebook,Software Engineer,other education,,,JavaScript,,Web_Development,
341,Amazon,Software Engineer,other education,Java,,,Data_Analysis,,
507,Facebook,Software Engineer,Master's Degree,,,Android_Development,,,
311,Amazon,Software Engineer,Master's Degree,,Web_Development,Microsoft,,,Software
505,Amazon,Software Engineer,Bachelor's Degree,Bigdata_and_AI,Java,,,JavaScript,HTML
666,Amazon,Software Engineer,Master's Degree,C,JavaScript,,Bigdata_and_AI,Java,Python
1556,Amazon,Software Engineer,Master's Degree,,Java,,Data_Structure,,Bigdata_and_AI
1309,Amazon,Software Engineer,Bachelor's Degree,C,Python,Bigdata_and_AI,Data_Structure,,Machine_Learning
3257,Google,Software Engineer,Master's Degree,Bigdata_and_AI,Machine_Learning,,Software,Data_Structure,Web_Development
259,Facebook,Software Engineer,Master's Degree,JavaScript,,SQL,Python,,CSS
577,Amazon,Software Engineer,Master's Degree,Python,Java,,Data_Structure,Bigdata_and_AI,Web_Development
919,Amazon,Software Engineer,Master's Degree,Java,Python,JavaScript,Data_Analysis,Bigdata_and_AI,Android_Development
606,Amazon,Software Engineer,Bachelor's Degree,Python,,C,Java,R,HTML
478,Facebook,Software Engineer,Master's Degree,Machine_Learning,,Cloud_Computing,Data_Science,Web_Development,Data_Mining
366,Amazon,Software Engineer,Master's Degree,Microsoft,Matlab,HTML,,C,CSS
279,Facebook,Software Engineer,Master's Degree,,C,Python,Bigdata_and_AI,Java,JavaScript
1870,Facebook,Software Engineer,Master's Degree,Java,,C,,,
785,Facebook,Software Engineer,Master's Degree,SQL,Java,CSS,,,
872,Facebook,Software Engineer,Master's Degree,CSS,Web_Development,,Web_Application,,
833,Amazon,Software Engineer,Master's Degree,Python,Java,,Matlab,SQL,C
631,Amazon,Software Engineer,Bachelor's Degree,C,HTML,CSS,Research,JavaScript,
458,Facebook,Software Engineer,Master's Degree,,C,,,,Python
118,Amazon,Software Engineer,Master's Degree,,Java,Web_Development,,,
1182,Amazon,Software Engineer,Bachelor's Degree,Python,,Java,Web_Development,Cloud_Computing,Data_Analysis
4426,Google,Software Engineer,Master's Degree,C,,Machine_Learning,Data_Structure,Bigdata_and_AI,Programming
1479,Google,Software Engineer,Bachelor's Degree,,,JavaScript,,,
250,Google,Software Engineer,Bachelor's Degree,Programming,,Java,,HTML,C
37,Microsoft,Software Engineer,Master's Degree,Python,,C,Java,,
224,Facebook,Software Engineer,Master's Degree,Java,Python,Android_Development,,C,SQL
2160,Facebook,Data Science,Master's Degree,,Analytics,,Data_Mining,Business_Intelligence,Management
18258,Google,Data Science,other education,,Management,Software,,Cloud_Computing,Strategy
874,Facebook,Data Science,Bachelor's Degree,Research,,,,Data_Structure,Management
1609,Facebook,Data Science,Master's Degree,,,,,Research,
1763,Google,Data Science,Master's Degree,SQL,Python,C,Programming,Data_Analysis,
4570,Microsoft,Data Science,other education,,Python,Data_Mining,Bigdata_and_AI,Machine_Learning,
1372,Amazon,Data Science,Master's Degree,,Leadership,,Strategy,Analytics,Management
2262,Facebook,Data Science,Doctoral Degree,Data_Analysis,,Hadoop,Analytics,Machine_Learning,Management
447,Microsoft,Data Science,Doctoral Degree,Data_Analysis,Statistics,,Machine_Learning,Data_Science,
2456,Facebook,Data Science,Bachelor's Degree,,Analytics,,,Marketing,Strategy
960,Amazon,Data Science,other education,Analytics,,Machine_Learning,Data_Analysis,Management,Data_Science
1338,Google,Data Science,Master's Degree,R,Python,,Machine_Learning,Statistics,Research
913,Facebook,Data Science,Master's Degree,,Python,Hadoop,Data_Science,Machine_Learning,Bigdata_and_AI
546,Amazon,Data Science,Bachelor's Degree,Leadership,,,,,
1078,Facebook,Data Science,Master's Degree,Data_Analysis,Python,Data_Science,Web_Development,Statistics,Research
697,Amazon,Data Science,Master's Degree,Machine_Learning,Python,,Bigdata_and_AI,,Programming
1538,Microsoft,Data Science,Bachelor's Degree,Leadership,,,Data_Analysis,Machine_Learning,Strategy
2563,Amazon,Data Science,Master's Degree,,,Machine_Learning,Data_Science,,
755,Facebook,Data Science,Bachelor's Degree,Statistics,Analytics,Microsoft,Data_Analysis,Research,
7383,Amazon,Data Science,Master's Degree,,,,Statistics,,
1710,Amazon,Data Science,Master's Degree,Machine_Learning,,Analytics,,,
546,Facebook,Data Science,Doctoral Degree,Research,Data_Analysis,Data_Science,,,
7625,Facebook,Data Science,Master's Degree,R,Python,Machine_Learning,Data_Analysis,Data_Mining,
1855,Facebook,Data Science,Master's Degree,,,,,Analytics,Data_Analysis
932,Microsoft,Data Science,Master's Degree,Data_Analysis,,Business_Intelligence,Analytics,,Data_Mining
494,Facebook,Data Science,Master's Degree,R,,Data_Science,,,
542,,Data Science,Master's Degree,Data_Analysis,,,Analytics,,Research
598,Facebook,Data Science,Bachelor's Degree,,,,,Analytics,Machine_Learning
1636,Microsoft,Data Science,other education,,,,Cloud_Computing,Management,
1282,Facebook,Data Science,Master's Degree,Python,R,Data_Science,Research,Data_Analysis,Machine_Learning
2744,Google,Data Science,Doctoral Degree,,,Leadership,Management,,
1510,Facebook,Data Science,Master's Degree,Data_Science,R,,Statistics,Data_Mining,Analytics
744,Facebook,Data Science,Master's Degree,Hadoop,,,Analytics,Data_Analysis,Data_Science
474,,Data Science,Master's Degree,,,Management,Analytics,Data_Mining,
1511,Microsoft,Data Science,Master's Degree,Data_Mining,Machine_Learning,,Research,Bigdata_and_AI,
783,Microsoft,Data Science,Master's Degree,Statistics,Python,,Data_Analysis,,Programming
862,Microsoft,Data Science,Master's Degree,Analytics,Data_Mining,SQL,Data_Analysis,Machine_Learning,Business_Intelligence
830,Microsoft,Data Science,other education,,Machine_Learning,Bigdata_and_AI,,,
1533,Google,Data Science,Doctoral Degree,,,Machine_Learning,Analytics,,Bigdata_and_AI
489,Facebook,Data Science,Master's Degree,,,C,,Software,Machine_Learning
347,Facebook,Data Science,Bachelor's Degree,Data_Analysis,Data_Mining,Matlab,,Analytics,
1163,Microsoft,Data Science,Master's Degree,,,,Strategy,Analytics,
2440,,Data Science,Bachelor's Degree,,Leadership,,Marketing,,Web_Development
1831,Google,Data Science,Doctoral Degree,Data_Science,,Machine_Learning,,,
2812,Amazon,Data Science,Master's Degree,,Machine_Learning,,,Data_Mining,Data_Analysis
1840,Facebook,Data Science,Doctoral Degree,Research,,Data_Analysis,,,Statistics
579,Amazon,Data Science,Master's Degree,Data_Analysis,Analytics,SQL,,,
649,Facebook,Data Science,Doctoral Degree,Python,R,Data_Science,Statistics,,Machine_Learning
976,Facebook,Data Science,Bachelor's Degree,Data_Analysis,Leadership,,Research,R,
5247,Microsoft,Data Science,Bachelor's Degree,,Machine_Learning,,,Bigdata_and_AI,Strategy
1084,Microsoft,Data Science,Master's Degree,R,Python,Machine_Learning,,Data_Analysis,Analytics
1303,Facebook,Data Science,Bachelor's Degree,Data_Analysis,,,,Matlab,
1982,Facebook,Data Science,Master's Degree,Machine_Learning,,Leadership,Research,Data_Analysis,Analytics
1159,Facebook,Data Science,Doctoral Degree,Data_Analysis,Statistics,,Research,,Analytics
847,Facebook,Data Science,Master's Degree,,Programming,Business_Intelligence,Analytics,Data_Analysis,Data_Mining
702,Google,Data Science,other education,Analytics,SQL,Marketing,,,
773,Microsoft,Data Science,Master's Degree,SQL,R,,,Statistics,Data_Analysis
6234,Facebook,Data Science,other education,SQL,,Analytics,Business_Intelligence,,
7500,Microsoft,Data Science,Master's Degree,,Machine_Learning,Data_Science,Data_Analysis,Bigdata_and_AI,Statistics
939,Facebook,Data Science,Doctoral Degree,,,Data_Mining,Machine_Learning,Bigdata_and_AI,Programming
1305,Amazon,Data Science,Master's Degree,SQL,Java,Software,Data_Analysis,Analytics,Machine_Learning
4145,Facebook,Data Science,Master's Degree,R,SQL,,Marketing,Data_Analysis,Analytics
1788,Facebook,Data Science,Doctoral Degree,Bigdata_and_AI,Analytics,,Statistics,Machine_Learning,Data_Mining
995,Microsoft,Data Science,Master's Degree,Machine_Learning,Python,,Data_Structure,,
787,Amazon,Data Science,Master's Degree,Statistics,Machine_Learning,Data_Science,,Research,
871,Facebook,Data Science,Bachelor's Degree,Python,,Leadership,Statistics,Machine_Learning,Data_Analysis
1154,Google,Data Science,Bachelor's Degree,,,,Analytics,Data_Analysis,
7974,Microsoft,Data Science,Doctoral Degree,Machine_Learning,Bigdata_and_AI,,,Statistics,
1627,Google,Data Science,other education,Machine_Learning,Data_Science,Python,Data_Analysis,Statistics,
5775,Amazon,Data Science,Bachelor's Degree,,,,Machine_Learning,,Software
989,Facebook,Data Science,Master's Degree,Management,,Analytics,Cloud_Computing,,
539,Microsoft,Data Science,Bachelor's Degree,Analytics,Marketing,,Web_Development,Data_Analysis,Bigdata_and_AI
8195,Facebook,Data Science,Master's Degree,,Python,Machine_Learning,,Statistics,
1553,Microsoft,Data Science,Master's Degree,Machine_Learning,SQL,R,,,
695,Microsoft,Data Science,Master's Degree,,,Programming,Machine_Learning,Bigdata_and_AI,Analytics
6249,Microsoft,Data Science,other education,,,,,,Research
1351,Facebook,Data Science,Doctoral Degree,Data_Analysis,Python,Statistics,,,
475,Amazon,Data Science,Master's Degree,Python,SQL,,Software,,
1660,Microsoft,Data Science,other education,,,Business_Intelligence,Software,,Bigdata_and_AI
6440,Amazon,Data Science,Doctoral Degree,,,Data_Mining,,Data_Analysis,Analytics
879,Amazon,Data Science,Master's Degree,,Statistics,Machine_Learning,Data_Analysis,Analytics,
1011,Microsoft,Data Science,Doctoral Degree,Data_Mining,,Data_Analysis,,Analytics,Bigdata_and_AI
5576,Facebook,Data Science,other education,Analytics,Business_Intelligence,Strategy,,,
755,Microsoft,Data Science,Bachelor's Degree,,SQL,Machine_Learning,Management,Cloud_Computing,Bigdata_and_AI
1561,Facebook,Data Science,Doctoral Degree,Machine_Learning,Data_Mining,Bigdata_and_AI,Data_Analysis,,Statistics
1574,Facebook,Data Science,Master's Degree,Python,R,Machine_Learning,,Data_Analysis,Data_Mining
819,Amazon,Data Science,Bachelor's Degree,Machine_Learning,Python,,Analytics,Statistics,Data_Science
1066,,Data Science,Bachelor's Degree,Bigdata_and_AI,Hadoop,,Business_Intelligence,Data_Analysis,
386,Microsoft,Data Science,Doctoral Degree,Data_Mining,Machine_Learning,Bigdata_and_AI,,,
2268,Amazon,Data Science,Doctoral Degree,,R,Data_Analysis,,Statistics,Research
1066,Amazon,Data Science,Bachelor's Degree,,Management,Marketing,Strategy,,Analytics
780,Google,Data Science,Master's Degree,,,Statistics,Research,Data_Analysis,Machine_Learning
483,Facebook,Data Science,Doctoral Degree,Data_Analysis,Matlab,R,Statistics,Research,Machine_Learning
919,,Data Science,Master's Degree,Data_Analysis,R,Statistics,Bigdata_and_AI,Machine_Learning,Research
1446,Facebook,Data Science,Doctoral Degree,Data_Analysis,,SQL,Data_Mining,Research,Analytics
1093,Microsoft,Data Science,Master's Degree,Business_Intelligence,Analytics,Web_Development,,Management,Strategy
319,Facebook,Data Science,Master's Degree,Analytics,,Data_Science,,,
703,Facebook,Data Science,other education,Data_Analysis,SQL,Python,Machine_Learning,Statistics,Management
655,Microsoft,Data Science,Master's Degree,Analytics,R,Python,Machine_Learning,Data_Mining,
2231,Amazon,Data Science,Bachelor's Degree,,Leadership,,,Management,
1311,Facebook,Data Science,Doctoral Degree,,Data_Analysis,,,Research,Statistics
542,Google,Data Science,Doctoral Degree,Machine_Learning,Statistics,Bigdata_and_AI,Programming,Data_Mining,Data_Analysis
374,Google,Data Science,Master's Degree,Python,JavaScript,SQL,Data_Analysis,Research,Machine_Learning
1304,Facebook,Data Science,Doctoral Degree,Research,Analytics,Machine_Learning,Statistics,,Bigdata_and_AI
1725,Microsoft,Data Science,Master's Degree,Python,Analytics,Statistics,Machine_Learning,Data_Mining,
1771,Facebook,Data Science,Master's Degree,Data_Analysis,SQL,R,Statistics,Research,Analytics
616,Microsoft,Data Science,Master's Degree,Software,Machine_Learning,,Programming,SQL,Java
1604,Google,Data Science,Master's Degree,Microsoft,Analytics,Data_Analysis,,,
2154,Facebook,Data Science,Bachelor's Degree,Analytics,Leadership,Business_Intelligence,Data_Analysis,,Management
419,Facebook,Data Science,Master's Degree,Data_Analysis,,,Analytics,,Management
1378,Amazon,Data Science,Doctoral Degree,Research,,R,,Statistics,Data_Mining
637,Google,Data Science,Doctoral Degree,,Machine_Learning,Statistics,Programming,,Data_Science
230,Microsoft,Data Science,Master's Degree,Python,R,SQL,Machine_Learning,Statistics,Data_Science
1052,Facebook,Data Science,Master's Degree,,Research,Analytics,,Data_Analysis,
2407,Amazon,Data Science,Master's Degree,,Machine_Learning,Python,Bigdata_and_AI,Business_Intelligence,Analytics
791,Google,Data Science,Doctoral Degree,R,Analytics,,Data_Science,Machine_Learning,Data_Analysis
1141,Facebook,Data Science,Doctoral Degree,Matlab,C,R,Data_Mining,Programming,Statistics
1051,Google,Data Science,Master's Degree,,Microsoft,Analytics,,,Management
1143,Facebook,Data Science,Master's Degree,,Data_Mining,,Bigdata_and_AI,Statistics,Analytics
1551,Google,Data Science,Master's Degree,,Management,Analytics,,,Strategy
1465,Facebook,Data Science,Master's Degree,SQL,Python,R,,,Data_Analysis
879,Facebook,Data Science,Master's Degree,Data_Science,Analytics,R,Data_Analysis,,Strategy
4849,Microsoft,Data Science,Master's Degree,,C,,Software,Data_Science,Management
991,Google,Data Science,Bachelor's Degree,Data_Analysis,Statistics,R,Research,Analytics,
602,Amazon,Data Science,Doctoral Degree,Matlab,Python,Machine_Learning,,,Research
1140,Facebook,Data Science,Bachelor's Degree,Leadership,R,SQL,,Microsoft,
1391,,Data Science,Bachelor's Degree,Leadership,Python,Microsoft,,,Data_Analysis
200,Google,Data Science,Bachelor's Degree,,Microsoft,C,Data_Analysis,Statistics,Analytics
779,Facebook,Data Science,Master's Degree,Research,Data_Analysis,Python,,Statistics,R
688,Google,Data Science,Master's Degree,Analytics,,,Data_Mining,Data_Analysis,Statistics
655,Amazon,Data Science,Master's Degree,,Business_Intelligence,,Management,,
3111,Facebook,Data Science,Doctoral Degree,Machine_Learning,,,Data_Mining,Bigdata_and_AI,Data_Science
423,,Data Science,Master's Degree,Data_Analysis,Python,,,,
849,Google,Data Science,Bachelor's Degree,,Research,Data_Analysis,,Analytics,
603,Facebook,Data Science,other education,Data_Analysis,SQL,R,Analytics,,Statistics
1121,Facebook,Data Science,Doctoral Degree,Python,R,Matlab,,,
927,Microsoft,Data Science,Master's Degree,Business_Intelligence,Analytics,Management,,,
709,,Data Science,Master's Degree,,Leadership,Data_Analysis,Management,Machine_Learning,R
71446,Google,Data Science,Doctoral Degree,,Leadership,,,Management,Strategy
3173,Microsoft,Data Science,Bachelor's Degree,Leadership,,Software,,Business_Intelligence,Management
621,Facebook,Data Science,Bachelor's Degree,Data_Science,Statistics,Strategy,Machine_Learning,Research,
3927,Microsoft,Data Science,Bachelor's Degree,,,,Strategy,Business_Intelligence,
1485,Facebook,Data Science,Master's Degree,Bigdata_and_AI,Strategy,,Machine_Learning,Data_Analysis,Analytics
1361,Facebook,Data Science,Bachelor's Degree,,Data_Analysis,Microsoft,Management,,Research
10769,Google,Data Science,Doctoral Degree,Cloud_Computing,Strategy,Software,,,Management
1324,Microsoft,Data Science,Master's Degree,Business_Intelligence,Strategy,Management,Software,,Data_Analysis
621,Amazon,Data Science,Master's Degree,,,Programming,,,Management
1858,Facebook,Data Science,Master's Degree,,Strategy,Data_Analysis,Analytics,Marketing,Business_Intelligence
1332,Facebook,Data Science,Master's Degree,,,Web_Development,Marketing,,Analytics
1174,Amazon,Data Science,Master's Degree,,,Analytics,,Management,
1837,Amazon,Data Science,Bachelor's Degree,,,Software,,Business_Intelligence,
3714,Amazon,Data Science,Master's Degree,Machine_Learning,R,Python,Data_Mining,Management,Data_Analysis
5966,Amazon,Data Science,Master's Degree,SQL,Data_Mining,Business_Intelligence,Analytics,Cloud_Computing,Machine_Learning
1627,Amazon,Data Science,Doctoral Degree,Statistics,R,,Data_Mining,Machine_Learning,
1979,Amazon,Data Science,other education,Data_Analysis,,SQL,Business_Intelligence,Machine_Learning,
1381,Facebook,Data Science,Master's Degree,Microsoft,Data_Analysis,,,Research,
463,Amazon,Data Science,Bachelor's Degree,Microsoft,,,,,
818,Facebook,Data Science,Master's Degree,Data_Analysis,,Microsoft,,Research,Analytics
890,Microsoft,Data Science,Master's Degree,Machine_Learning,Data_Science,,Management,Research,
1120,Amazon,Data Science,Master's Degree,,Analytics,Machine_Learning,Bigdata_and_AI,,Programming
616,Microsoft,Data Science,Doctoral Degree,,Machine_Learning,Statistics,Data_Analysis,Software,Data_Mining
751,Google,Data Science,other education,SQL,Python,Machine_Learning,Statistics,Analytics,Data_Mining
1165,Microsoft,Data Science,other education,Web_Development,,Analytics,Business_Intelligence,Strategy,
3543,Facebook,Data Science,Master's Degree,Analytics,Statistics,Management,,Strategy,Data_Mining
501,Microsoft,Data Science,Master's Degree,Python,Machine_Learning,SQL,Statistics,Data_Mining,Data_Analysis
1521,Amazon,Data Science,Master's Degree,,,Analytics,,,
623,Amazon,Data Science,Doctoral Degree,Leadership,Cloud_Computing,Machine_Learning,,Bigdata_and_AI,Research
381,,Data Science,Bachelor's Degree,,,,Machine_Learning,Data_Analysis,Programming
5186,Amazon,Data Science,Master's Degree,Business_Intelligence,,Strategy,Analytics,,Machine_Learning
711,Facebook,Data Science,Bachelor's Degree,Machine_Learning,Python,R,,,
1585,Facebook,Data Science,Master's Degree,,,,,Analytics,
1117,Google,Data Science,Master's Degree,Data_Analysis,,,,Analytics,
1253,Microsoft,Data Science,other education,Business_Intelligence,,Machine_Learning,,Software,Cloud_Computing
427,Facebook,Data Science,Master's Degree,Data_Analysis,R,Research,Machine_Learning,Microsoft,Python
1701,Facebook,Data Science,Master's Degree,Bigdata_and_AI,,Management,,,
16850,,Data Science,Doctoral Degree,Machine_Learning,Data_Mining,C,,Bigdata_and_AI,Data_Analysis
2296,Facebook,Data Science,Master's Degree,Analytics,Data_Analysis,,Strategy,Management,Business_Intelligence
9158,Amazon,Data Science,Doctoral Degree,Matlab,R,Machine_Learning,,Data_Mining,Bigdata_and_AI
1373,Facebook,Data Science,Doctoral Degree,,,,,Management,
1309,Amazon,Data Science,Doctoral Degree,,Analytics,Strategy,,,
2061,Microsoft,Data Science,Master's Degree,Analytics,Bigdata_and_AI,Management,,Strategy,Marketing
590,Amazon,Data Science,Master's Degree,,,Business_Intelligence,Data_Mining,Data_Analysis,Analytics
2663,Facebook,Data Science,Bachelor's Degree,,,,Marketing,,
3054,Amazon,Data Science,Master's Degree,,,Python,Statistics,Data_Science,Data_Analysis
949,Amazon,Data Science,Master's Degree,,Data_Analysis,Data_Mining,,Analytics,Management
1300,Amazon,Data Science,Master's Degree,,,Strategy,Management,,Research
2883,Facebook,Data Science,Bachelor's Degree,,,,,,Strategy
1247,Facebook,Data Science,Master's Degree,Data_Analysis,Analytics,Matlab,Management,,Statistics
808,Facebook,Data Science,Master's Degree,,,Data_Mining,Statistics,Data_Analysis,Analytics
3436,Google,Data Science,other education,,,Analytics,,Software,
1243,Facebook,Data Science,Doctoral Degree,,Data_Mining,Statistics,Data_Analysis,,Analytics
1525,Facebook,Data Science,Master's Degree,,Strategy,Data_Analysis,Management,,Analytics
5275,Google,Data Science,Master's Degree,,Cloud_Computing,Software,Bigdata_and_AI,,
1308,Microsoft,Data Science,Master's Degree,Machine_Learning,Data_Structure,Python,,Data_Analysis,Software
57244,Amazon,Data Science,Master's Degree,Strategy,,,Business_Intelligence,Management,Data_Analysis
558,Amazon,Data Science,Master's Degree,,,Marketing,,,
1089,Microsoft,Data Science,Bachelor's Degree,Analytics,,Data_Analysis,Business_Intelligence,Management,
14334,Google,Data Science,Doctoral Degree,,,Data_Mining,Bigdata_and_AI,Machine_Learning,Statistics
1127,Facebook,Data Science,Doctoral Degree,C,Python,,Programming,Software,Data_Analysis
4660,Google,Data Science,Master's Degree,,Business_Intelligence,Hadoop,Data_Analysis,Analytics,Management
631,Facebook,Data Science,Master's Degree,Data_Analysis,SQL,,Analytics,Machine_Learning,Statistics
1048,Microsoft,Data Science,other education,Machine_Learning,Data_Mining,,,,Software
1121,Google,Data Science,Master's Degree,,,,Data_Analysis,,
2682,Amazon,Data Science,Master's Degree,Python,,Machine_Learning,,Data_Analysis,
5720,Facebook,Data Science,Master's Degree,Analytics,Data_Mining,,Data_Analysis,,Statistics
541,Facebook,Data Science,other education,Python,SQL,,,CSS,HTML
3189,Facebook,Data Science,Master's Degree,Business_Intelligence,,Leadership,,Management,Strategy
2719,Microsoft,Data Science,Doctoral Degree,Research,,Data_Analysis,Statistics,,Machine_Learning
642,Google,Data Science,Master's Degree,R,Analytics,SQL,,Statistics,Data_Analysis
1909,Amazon,Data Science,Master's Degree,SQL,Python,Analytics,Data_Science,Machine_Learning,Data_Analysis
904,Google,Data Science,Doctoral Degree,,R,Data_Mining,,Machine_Learning,Statistics
566,Facebook,Data Science,Bachelor's Degree,Data_Analysis,,Analytics,Statistics,,Management
602,Amazon,Data Science,Master's Degree,R,SQL,,,Data_Analysis,Statistics
633,Facebook,Data Science,Doctoral Degree,,Matlab,,Bigdata_and_AI,,
2020,Facebook,Data Science,Master's Degree,Machine_Learning,Bigdata_and_AI,,,Data_Mining,Data_Analysis
530,Facebook,Data Science,Bachelor's Degree,Data_Analysis,Analytics,SQL,Statistics,,
9157,Google,Data Science,Bachelor's Degree,Analytics,,Python,,Data_Mining,Data_Analysis
4046,Facebook,Data Science,Doctoral Degree,,Data_Mining,Data_Science,Statistics,Data_Analysis,Analytics
875,Facebook,Data Science,Master's Degree,,,,,Data_Mining,Analytics
3860,Facebook,Data Science,Doctoral Degree,,,Data_Mining,Bigdata_and_AI,Machine_Learning,Software
577,Amazon,Data Science,Master's Degree,Python,,SQL,Analytics,,
777,Facebook,Data Science,Master's Degree,Management,Business_Intelligence,Data_Science,,,Research
1275,Microsoft,Data Science,Master's Degree,Machine_Learning,Python,,Data_Analysis,Statistics,Research
695,Facebook,Data Science,Doctoral Degree,Statistics,Data_Analysis,Python,Research,,Machine_Learning
1003,Google,Data Science,Master's Degree,,Leadership,Microsoft,Strategy,Management,
2664,Microsoft,Data Science,Doctoral Degree,,,Machine_Learning,Data_Mining,Analytics,Bigdata_and_AI
7990,Google,Data Science,Master's Degree,,,,Strategy,Management,Leadership
1472,Amazon,Data Science,Master's Degree,Python,Data_Science,,Statistics,Machine_Learning,Data_Analysis
4297,Google,Data Science,Master's Degree,Management,Analytics,,,Strategy,
971,Facebook,Data Science,Bachelor's Degree,Research,,,,,
4239,Amazon,Data Science,Master's Degree,,,Management,,Strategy,
4232,Google,Data Science,Master's Degree,Business_Intelligence,Cloud_Computing,Machine_Learning,Bigdata_and_AI,Analytics,
872,Amazon,Data Science,Bachelor's Degree,Analytics,Strategy,Management,Data_Science,Data_Analysis,
1032,Google,Data Science,Bachelor's Degree,Python,R,SQL,Statistics,,Data_Analysis
1117,,Data Science,Bachelor's Degree,Machine_Learning,Statistics,Python,Data_Analysis,Research,Bigdata_and_AI
604,Microsoft,Data Science,Master's Degree,Cloud_Computing,Bigdata_and_AI,,Business_Intelligence,Data_Analysis,Machine_Learning
2721,Amazon,Data Science,Master's Degree,Leadership,,,,Strategy,Management
2160,Google,Data Science,Doctoral Degree,Machine_Learning,R,Data_Analysis,Research,,
1061,Facebook,Data Science,Master's Degree,Web_Development,,Strategy,Analytics,Data_Analysis,Research
2289,Facebook,Data Science,Bachelor's Degree,Management,,,,,Analytics
724,Microsoft,Data Science,Master's Degree,Data_Science,,Strategy,Analytics,,Data_Analysis
1031,Facebook,Data Science,other education,Data_Analysis,Matlab,,Analytics,Statistics,Research
462,Facebook,Data Science,Doctoral Degree,Data_Analysis,,Research,,Statistics,
787,Amazon,Data Science,Master's Degree,Data_Science,Management,,Statistics,Data_Analysis,
839,Amazon,Data Science,other education,Machine_Learning,,Management,,Data_Analysis,
5210,Google,Data Science,Doctoral Degree,Leadership,,Data_Analysis,Management,,Strategy
2289,Google,Data Science,Master's Degree,,Python,Data_Science,Data_Mining,Analytics,Bigdata_and_AI
523,Facebook,Data Science,Master's Degree,,Strategy,,Data_Analysis,,Analytics
591,Amazon,Data Science,Master's Degree,Python,SQL,Statistics,,,
1608,Amazon,Data Science,Doctoral Degree,,,Machine_Learning,Research,,Data_Analysis
352,Facebook,Data Science,Master's Degree,SQL,,R,Machine_Learning,Statistics,Microsoft
938,Google,Data Science,Doctoral Degree,Statistics,Research,R,Data_Analysis,,Management
433,Google,Data Science,Master's Degree,Data_Analysis,,R,Analytics,Statistics,Programming
3436,Amazon,Data Science,Master's Degree,Statistics,Data_Mining,Machine_Learning,Analytics,,Bigdata_and_AI
1490,Facebook,Data Science,Master's Degree,R,Statistics,Data_Analysis,Programming,Data_Mining,Matlab
540,Google,Data Science,Master's Degree,Data_Analysis,R,SQL,,,Marketing
539,Microsoft,Data Science,Master's Degree,Microsoft,Web_Development,Python,,Data_Analysis,Statistics
779,Facebook,Data Science,Bachelor's Degree,Microsoft,Data_Analysis,,,,Analytics
2808,Facebook,Data Science,Master's Degree,,,Strategy,,,Analytics
676,Facebook,Data Science,Doctoral Degree,Machine_Learning,Statistics,Matlab,Data_Mining,Data_Analysis,
451,Facebook,Data Science,Doctoral Degree,SQL,Analytics,Statistics,,,
492,Facebook,Data Science,Bachelor's Degree,Data_Analysis,Research,Statistics,,,
5534,Microsoft,Data Science,other education,Microsoft,SQL,C,Data_Mining,Machine_Learning,Data_Science
693,Google,Data Science,Master's Degree,,,Microsoft,Data_Analysis,Analytics,
300,Facebook,Data Science,Doctoral Degree,Python,HTML,R,,Programming,Data_Analysis
350,Google,Data Science,Doctoral Degree,Statistics,Data_Analysis,,,,
1963,Facebook,Data Science,Bachelor's Degree,,,Research,Strategy,,
1181,Facebook,Data Science,Master's Degree,,Management,R,,Data_Analysis,Statistics
782,Facebook,Data Science,Bachelor's Degree,Programming,,Microsoft,,Data_Analysis,
707,Google,Data Science,Bachelor's Degree,Data_Analysis,,Statistics,,SQL,Python
8038,,Data Science,Master's Degree,,,Statistics,Bigdata_and_AI,Machine_Learning,Data_Mining
3234,Microsoft,Data Science,Doctoral Degree,Data_Science,Research,Statistics,Data_Analysis,,Analytics
540,Google,Data Science,Master's Degree,,Data_Science,Analytics,Statistics,Data_Mining,Machine_Learning
1173,Amazon,Data Science,other education,Python,,,Programming,Data_Science,Machine_Learning
1143,Facebook,Data Science,Master's Degree,Research,,Data_Analysis,,,SQL
405,Amazon,Data Science,Master's Degree,,Microsoft,,Management,Analytics,
753,Google,Data Science,Master's Degree,,Analytics,SQL,Marketing,,
1231,Facebook,Data Science,other education,SQL,Business_Intelligence,Python,,Data_Analysis,Analytics
3640,Amazon,Data Science,Doctoral Degree,,Matlab,C,,,Machine_Learning
1615,Amazon,Data Science,Master's Degree,,,Leadership,,Analytics,Strategy
1833,Microsoft,Data Science,Doctoral Degree,Programming,Research,Data_Analysis,,,Data_Mining
3624,Facebook,Data Science,Master's Degree,,Strategy,Research,,,Analytics
12914,Google,Data Science,other education,Bigdata_and_AI,,Python,,Machine_Learning,Software
378,Amazon,Data Science,Master's Degree,,,,Statistics,,
1720,Microsoft,Data Science,Doctoral Degree,Analytics,Leadership,Strategy,Research,Management,Marketing
2566,Amazon,Data Science,Master's Degree,Software,Cloud_Computing,,,,
1034,Amazon,Data Science,Master's Degree,SQL,Data_Analysis,,Data_Mining,Analytics,Programming
954,Microsoft,Data Science,Master's Degree,,Data_Analysis,,Analytics,,
1871,Google,Data Science,Master's Degree,R,Data_Analysis,Matlab,Data_Mining,,Statistics
1700,Facebook,Data Science,Master's Degree,Statistics,Data_Science,Analytics,Programming,,
1299,Amazon,Data Science,Master's Degree,Analytics,,,Statistics,Strategy,Management
2664,Facebook,Data Science,Master's Degree,Management,Data_Science,Python,,,Software
1237,Facebook,Data Science,Doctoral Degree,,Research,Data_Analysis,Statistics,Analytics,Data_Mining
859,Facebook,Data Science,Bachelor's Degree,Data_Analysis,,,,Management,
28866,Google,Data Science,Bachelor's Degree,Cloud_Computing,Management,,Web_Development,,Software
1107,,Data Science,Bachelor's Degree,Leadership,,Research,,Data_Analysis,
358,Facebook,Data Science,other education,Python,Matlab,,,Data_Analysis,Research
630,Facebook,Data Science,Master's Degree,,R,SQL,Marketing,,Statistics
4949,Microsoft,Data Science,Master's Degree,Microsoft,Cloud_Computing,,,Software,
610,Facebook,Data Science,Bachelor's Degree,,Python,,,Data_Analysis,Analytics
876,Facebook,Data Science,Master's Degree,,Hadoop,,Machine_Learning,Data_Mining,Data_Analysis
1472,Facebook,Data Science,Doctoral Degree,,,R,Statistics,,Data_Analysis
1367,Facebook,Data Science,other education,Python,,Data_Analysis,,Machine_Learning,Data_Science
650,Facebook,Data Science,Bachelor's Degree,Leadership,Analytics,R,Research,Data_Analysis,
1013,Facebook,Data Science,Doctoral Degree,,,Strategy,Analytics,Management,Research
978,Facebook,Data Science,Master's Degree,SQL,R,Statistics,Business_Intelligence,,Management
1680,Microsoft,Data Science,Doctoral Degree,,,Machine_Learning,Statistics,Management,Data_Science
698,Facebook,Data Science,other education,Leadership,Management,Data_Analysis,,Marketing,Web_Development
824,Facebook,Data Science,Bachelor's Degree,Python,Machine_Learning,Software,Data_Mining,Data_Science,
849,Microsoft,Data Science,Master's Degree,,,Machine_Learning,,,
3551,Amazon,Data Science,Doctoral Degree,Data_Science,R,,,Management,Analytics
407,Google,Data Science,Master's Degree,Statistics,Data_Analysis,R,Research,Machine_Learning,Programming
3299,Facebook,Data Science,other education,,Cloud_Computing,,Bigdata_and_AI,,Machine_Learning
1560,Google,Data Science,Bachelor's Degree,Matlab,R,C,Machine_Learning,Data_Analysis,Research
1037,Facebook,Data Science,other education,,R,,Statistics,Data_Analysis,Analytics
1298,Facebook,Data Science,Doctoral Degree,,,Bigdata_and_AI,Data_Mining,Data_Science,Machine_Learning
1081,Facebook,Data Science,Doctoral Degree,,Matlab,,Machine_Learning,Data_Analysis,Statistics
1746,Amazon,Data Science,Master's Degree,Data_Analysis,Statistics,R,,,Management
924,Facebook,Data Science,Master's Degree,SQL,Data_Analysis,Machine_Learning,,Statistics,Data_Science
2012,Google,Data Science,Doctoral Degree,Analytics,,Bigdata_and_AI,Research,Management,Strategy
2007,Amazon,Data Science,Master's Degree,Data_Science,,,,,
1459,Amazon,Data Science,other education,Analytics,,,Management,,Business_Intelligence
1393,Microsoft,Data Science,Master's Degree,,Microsoft,,Data_Analysis,Research,Strategy
1292,Facebook,Data Science,Bachelor's Degree,,,,Machine_Learning,Bigdata_and_AI,Data_Mining
862,,Data Science,Doctoral Degree,Data_Analysis,Python,,Statistics,Research,Machine_Learning
10890,Microsoft,Data Science,Doctoral Degree,Data_Science,Machine_Learning,,Statistics,,Data_Mining
584,Google,Data Science,Master's Degree,R,,Matlab,Bigdata_and_AI,Data_Analysis,Machine_Learning
1764,Google,Data Science,other education,Data_Analysis,Analytics,Machine_Learning,,,
462,Microsoft,Data Science,Master's Degree,R,Python,Data_Analysis,Strategy,Management,Analytics
7837,Microsoft,Data Science,Master's Degree,,Machine_Learning,Bigdata_and_AI,Data_Analysis,Data_Mining,
2804,Microsoft,Data Science,Master's Degree,R,SQL,Data_Science,Programming,Research,
2724,Google,Data Science,Master's Degree,Analytics,Management,Data_Analysis,R,Python,
919,Microsoft,Data Science,Doctoral Degree,Python,,Machine_Learning,,,
1181,Facebook,Data Science,Master's Degree,Statistics,Machine_Learning,R,Research,Data_Analysis,Data_Mining
1547,Microsoft,Data Science,Doctoral Degree,Machine_Learning,,Data_Science,,Data_Analysis,Statistics
1395,Facebook,Data Science,other education,Data_Analysis,R,Statistics,Analytics,,Research
3160,Amazon,Data Science,other education,,,,,Marketing,Management
1584,Facebook,Data Science,Doctoral Degree,,,Matlab,,,
1172,Facebook,Data Science,Master's Degree,,,Business_Intelligence,Analytics,Machine_Learning,Cloud_Computing
1397,Google,Data Science,Doctoral Degree,,Data_Mining,,Analytics,Strategy,Data_Analysis
707,Google,Data Science,other education,R,,Data_Science,Data_Analysis,Research,Statistics
800,Facebook,Data Science,Doctoral Degree,Analytics,Data_Mining,Web_Development,Data_Analysis,Management,
856,Facebook,Data Science,other education,,Analytics,,,Management,Strategy
1314,Facebook,Data Science,Bachelor's Degree,,,Management,,,
1531,Google,Data Science,Master's Degree,Cloud_Computing,,Data_Analysis,,Software,Web_Development
848,Facebook,Data Science,Master's Degree,Data_Analysis,Microsoft,,Analytics,Statistics,Management
631,Microsoft,Data Science,Master's Degree,,Data_Analysis,,,Machine_Learning,C
837,Microsoft,Data Science,Master's Degree,Business_Intelligence,Data_Science,Analytics,,,Management
917,Facebook,Data Science,Bachelor's Degree,,Data_Analysis,Management,,,
707,Facebook,Data Science,Doctoral Degree,Python,,SQL,Data_Mining,Machine_Learning,Programming
567,Google,Data Science,Master's Degree,Java,Data_Analysis,Management,,Android_Development,
441,Amazon,Data Science,other education,Python,SQL,,Business_Intelligence,Data_Analysis,Programming
1107,Amazon,Data Science,other education,,Hadoop,,,Bigdata_and_AI,Software
1694,Amazon,Data Science,Master's Degree,Data_Analysis,Python,SQL,Programming,Research,Management
1204,Microsoft,Data Science,other education,Machine_Learning,Python,Data_Science,Bigdata_and_AI,Analytics,Data_Analysis
6676,Microsoft,Data Science,other education,Data_Analysis,,Programming,Analytics,Data_Structure,
2181,Amazon,Data Science,other education,,Data_Mining,Research,Data_Analysis,Statistics,Analytics
1901,Facebook,Data Science,Doctoral Degree,Analytics,Data_Mining,Data_Analysis,Machine_Learning,,Bigdata_and_AI
1246,Microsoft,Data Science,other education,Business_Intelligence,Management,Analytics,,,
336,Facebook,Data Science,Doctoral Degree,Management,,,,,
688,Microsoft,Data Science,Doctoral Degree,,Data_Mining,R,Statistics,Research,Analytics
2137,Amazon,Data Science,Doctoral Degree,Python,Machine_Learning,Statistics,,,
309,Google,Data Science,Master's Degree,R,,Python,,Data_Analysis,Machine_Learning
,Microsoft,Data Science,Master's Degree,,Analytics,,Management,,
698,Microsoft,Data Science,Master's Degree,Machine_Learning,,Python,Data_Analysis,,
3006,Facebook,Data Science,Master's Degree,,,Machine_Learning,Data_Mining,Statistics,Data_Analysis
1126,Microsoft,Data Science,Master's Degree,Python,R,SQL,Data_Analysis,,Management
1574,Amazon,Data Science,Master's Degree,Data_Mining,,,Analytics,,Data_Analysis
1937,Microsoft,Data Science,Bachelor's Degree,Business_Intelligence,Analytics,,Strategy,,Management
1299,Amazon,Data Science,Master's Degree,,Management,,Strategy,Analytics,Data_Analysis
677,Microsoft,Data Science,Master's Degree,Statistics,Data_Analysis,Python,,Programming,
736,Google,Data Science,Master's Degree,R,,SQL,Analytics,Bigdata_and_AI,Data_Analysis
5112,Microsoft,Data Science,Doctoral Degree,Machine_Learning,,Data_Analysis,,Research,
1768,Facebook,Data Science,Doctoral Degree,,Research,Statistics,,Bigdata_and_AI,Machine_Learning
1109,Facebook,Data Science,Bachelor's Degree,Matlab,Data_Analysis,,,,
5410,Amazon,Data Science,Master's Degree,,Management,Strategy,,,
1106,Facebook,Data Science,Bachelor's Degree,Microsoft,Data_Mining,Leadership,Analytics,Data_Analysis,
2766,Facebook,Data Science,Bachelor's Degree,,Research,,,,
1555,Amazon,Data Science,other education,Data_Analysis,Data_Mining,Statistics,Machine_Learning,Management,Analytics
